"label","secondary_label","percent"
"(,-90)","[1,2)",0.000016251178210420255469
"(,-90)","[3,4)",0.000002779994050812731261
"(,-90)","[11,16)",0.000007685863391464080117
"(,-90)","[31,46)",0.000010333887918651634304
"(,-90)","[46,61)",0.000068157033805888767721
"(,-90)","[61,76)",0.000081290899483802788278
"(,-90)","[76,91)",0.000033559299281830995369
"(,-90)","[91,)",0.01961549903316971590
"[-90,-75)","[0,1)",0.000002652243765072204021
"[-90,-75)","[3,4)",0.000005559988101625462522
"[-90,-75)","[7,8)",0.000021128918093749009582
"[-90,-75)","[8,9)",0.000010601081310293649952
"[-90,-75)","[11,16)",0.000003842931695732040059
"[-90,-75)","[31,46)",0.000015500831877977451457
"[-90,-75)","[61,76)",0.000060968174612852091208
"[-90,-75)","[76,91)",0.01181287334720451037
"[-90,-75)","[91,)",0.00217536813922356091
"[-75,-60)","[0,1)",0.000001326121882536102011
"[-75,-60)","[3,4)",0.000005559988101625462522
"[-75,-60)","[11,16)",0.000011528795087196120176
"[-75,-60)","[16,21)",0.000010445991611868735669
"[-75,-60)","[21,26)",0.000007216100563577454015
"[-75,-60)","[31,46)",0.000031001663755954902913
"[-75,-60)","[46,61)",0.000048683595575634834086
"[-75,-60)","[61,76)",0.01014103971060439784
"[-75,-60)","[76,91)",0.00244982884757366266
"[-75,-60)","[91,)",0.00120853785512420051
"[-60,-45)","[0,1)",0.000025859376709453989207
"[-60,-45)","[1,2)",0.000024376767315630383203
"[-60,-45)","[2,3)",0.000005996884618440720046
"[-60,-45)","[3,4)",0.000013899970254063656304
"[-60,-45)","[4,5)",0.000016477993639494455155
"[-60,-45)","[5,6)",0.000015773119449833593590
"[-60,-45)","[6,7)",0.000063285631788372847300
"[-60,-45)","[7,8)",0.000031693377140623514373
"[-60,-45)","[8,9)",0.000010601081310293649952
"[-60,-45)","[9,10)",0.000051328773627276110306
"[-60,-45)","[10,11)",0.000013830110917489558266
"[-60,-45)","[11,16)",0.000065329838827444680998
"[-60,-45)","[16,21)",0.000010445991611868735669
"[-60,-45)","[21,26)",0.000014432201127154908031
"[-60,-45)","[26,31)",0.000018461424852770136799
"[-60,-45)","[31,46)",0.000087838047308538891587
"[-60,-45)","[46,61)",0.01077854806044555227
"[-60,-45)","[61,76)",0.00386131772548063244
"[-60,-45)","[76,91)",0.00275186254111014162
"[-60,-45)","[91,)",0.00356983489513609996
"[-45,-30)","[0,1)",0.000025859376709453989207
"[-45,-30)","[1,2)",0.000081255891052101277343
"[-45,-30)","[2,3)",0.000017990653855322160138
"[-45,-30)","[3,4)",0.000025019946457314581347
"[-45,-30)","[4,5)",0.000008238996819747227578
"[-45,-30)","[5,6)",0.000047319358349500780769
"[-45,-30)","[6,7)",0.000015821407947093211825
"[-45,-30)","[7,8)",0.000031693377140623514373
"[-45,-30)","[8,9)",0.000042404325241174599809
"[-45,-30)","[9,10)",0.00010265754725455222
"[-45,-30)","[10,11)",0.000069150554587447791331
"[-45,-30)","[11,16)",0.000057643975435980600881
"[-45,-30)","[16,21)",0.000067898945477146781851
"[-45,-30)","[21,26)",0.000057728804508619632123
"[-45,-30)","[26,31)",0.000046153562131925341998
"[-45,-30)","[31,46)",0.01329971375130465335
"[-45,-30)","[46,61)",0.00564729708677364075
"[-45,-30)","[61,76)",0.00286550420680404829
"[-45,-30)","[76,91)",0.00359084502315591650
"[-45,-30)","[91,)",0.00834820764539640042
"[-30,-25)","[0,1)",0.000014587340707897122117
"[-30,-25)","[1,2)",0.000040627945526050638671
"[-30,-25)","[2,3)",0.000013492990391491620103
"[-30,-25)","[3,4)",0.000008339982152438193782
"[-30,-25)","[4,5)",0.000004119498409873613789
"[-30,-25)","[5,6)",0.000042061651866222916239
"[-30,-25)","[7,8)",0.000010564459046874504791
"[-30,-25)","[9,10)",0.000025664386813638055153
"[-30,-25)","[10,11)",0.000027660221834979116533
"[-30,-25)","[11,16)",0.000030743453565856320470
"[-30,-25)","[16,21)",0.000036560970641540574843
"[-30,-25)","[21,26)",0.000028864402254309816062
"[-30,-25)","[26,31)",0.01211992541584359481
"[-30,-25)","[31,46)",0.00372019965071458835
"[-30,-25)","[46,61)",0.00178181959806823493
"[-30,-25)","[61,76)",0.00294679510628785108
"[-30,-25)","[76,91)",0.00204711725619169072
"[-30,-25)","[91,)",0.00356983489513609996
"[-25,-20)","[0,1)",0.000011272036001556867090
"[-25,-20)","[1,2)",0.000024376767315630383203
"[-25,-20)","[2,3)",0.000019489875009932340149
"[-25,-20)","[3,4)",0.000019459958355689118825
"[-25,-20)","[4,5)",0.000024716990459241682733
"[-25,-20)","[5,6)",0.000031546238899667187180
"[-25,-20)","[6,7)",0.000007910703973546605912
"[-25,-20)","[7,8)",0.000052822295234372523955
"[-25,-20)","[8,9)",0.000031803243930880949857
"[-25,-20)","[9,10)",0.000038496580220457082729
"[-25,-20)","[10,11)",0.000069150554587447791331
"[-25,-20)","[11,16)",0.000038429316957320400587
"[-25,-20)","[16,21)",0.000057452953865278046182
"[-25,-20)","[21,26)",0.01320546403134674085
"[-25,-20)","[26,31)",0.00659995938486532391
"[-25,-20)","[31,46)",0.00321900608665998409
"[-25,-20)","[46,61)",0.00420626265773484967
"[-25,-20)","[61,76)",0.00288582693167499898
"[-25,-20)","[76,91)",0.00305389623464662058
"[-25,-20)","[91,)",0.00358842778521493381
"[-20,-15)","[0,1)",0.000031826925180866448254
"[-20,-15)","[1,2)",0.000048753534631260766406
"[-20,-15)","[2,3)",0.000032982865401423960253
"[-20,-15)","[3,4)",0.000013899970254063656304
"[-20,-15)","[4,5)",0.000032955987278988910310
"[-20,-15)","[5,6)",0.000042061651866222916239
"[-20,-15)","[6,7)",0.000007910703973546605912
"[-20,-15)","[7,8)",0.000042257836187498019164
"[-20,-15)","[8,9)",0.00010601081310293650
"[-20,-15)","[10,11)",0.000041490332752468674799
"[-20,-15)","[11,16)",0.000034586385261588360528
"[-20,-15)","[16,21)",0.01522503277429868224
"[-20,-15)","[21,26)",0.00826965124585976230
"[-20,-15)","[26,31)",0.00553842745583104104
"[-20,-15)","[31,46)",0.00496543314491211028
"[-20,-15)","[46,61)",0.00511177753544165758
"[-20,-15)","[61,76)",0.00536519936593098403
"[-20,-15)","[76,91)",0.00671185985636619907
"[-20,-15)","[91,)",0.00557786702365015618
"[-15,-10)","[0,1)",0.000041772839299887213334
"[-15,-10)","[1,2)",0.000065004712841681021874
"[-15,-10)","[2,3)",0.000031483644246813780241
"[-15,-10)","[3,4)",0.000030579934558940043868
"[-15,-10)","[4,5)",0.000024716990459241682733
"[-15,-10)","[5,6)",0.000021030825933111458120
"[-15,-10)","[6,7)",0.000071196335761919453212
"[-15,-10)","[7,8)",0.000052822295234372523955
"[-15,-10)","[8,9)",0.000021202162620587299905
"[-15,-10)","[9,10)",0.000038496580220457082729
"[-15,-10)","[10,11)",0.000027660221834979116533
"[-15,-10)","[11,16)",0.02031373694363956375
"[-15,-10)","[16,21)",0.01413342665085839936
"[-15,-10)","[21,26)",0.00970565525801167565
"[-15,-10)","[26,31)",0.01056916572821090332
"[-15,-10)","[31,46)",0.00984302824251568167
"[-15,-10)","[46,61)",0.00944461754167315781
"[-15,-10)","[61,76)",0.00902328984270210950
"[-15,-10)","[76,91)",0.01191355124505000336
"[-15,-10)","[91,)",0.01046779711438345976
"[-10,-9)","[0,1)",0.000005967548471412459048
"[-10,-9)","[2,3)",0.000002998442309220360023
"[-10,-9)","[3,4)",0.000011119976203250925043
"[-10,-9)","[4,5)",0.000016477993639494455155
"[-10,-9)","[5,6)",0.000042061651866222916239
"[-10,-9)","[6,7)",0.000055374927814826241387
"[-10,-9)","[8,9)",0.000021202162620587299905
"[-10,-9)","[10,11)",0.01341520758996487152
"[-10,-9)","[11,16)",0.00544543421285230076
"[-10,-9)","[16,21)",0.00400603778315166013
"[-10,-9)","[21,26)",0.00309570714177472777
"[-10,-9)","[26,31)",0.00294459726401683682
"[-10,-9)","[31,46)",0.00338434829335841023
"[-10,-9)","[46,61)",0.00298917276834397881
"[-10,-9)","[61,76)",0.00337357232857781571
"[-10,-9)","[76,91)",0.00335592992818309954
"[-10,-9)","[91,)",0.00299345530269225048
"[-9,-8)","[0,1)",0.000009282853177752714074
"[-9,-8)","[1,2)",0.000016251178210420255469
"[-9,-8)","[2,3)",0.000005996884618440720046
"[-9,-8)","[4,5)",0.000008238996819747227578
"[-9,-8)","[6,7)",0.000007910703973546605912
"[-9,-8)","[7,8)",0.000021128918093749009582
"[-9,-8)","[8,9)",0.000010601081310293649952
"[-9,-8)","[9,10)",0.01301184411451449396
"[-9,-8)","[10,11)",0.00709484690067214339
"[-9,-8)","[11,16)",0.00534936092045899976
"[-9,-8)","[16,21)",0.00348373820255822335
"[-9,-8)","[21,26)",0.00297303343219391105
"[-9,-8)","[26,31)",0.00328613362379308435
"[-9,-8)","[31,46)",0.00354452355609751057
"[-9,-8)","[46,61)",0.00318390715064651815
"[-9,-8)","[61,76)",0.00323131325448116083
"[-9,-8)","[76,91)",0.00369152292100140949
"[-9,-8)","[91,)",0.00310501264316525361
"[-8,-7)","[0,1)",0.000011935096942824918095
"[-8,-7)","[1,2)",0.000016251178210420255469
"[-8,-7)","[3,4)",0.000008339982152438193782
"[-8,-7)","[4,5)",0.000004119498409873613789
"[-8,-7)","[5,6)",0.000021030825933111458120
"[-8,-7)","[6,7)",0.000007910703973546605912
"[-8,-7)","[7,8)",0.000042257836187498019164
"[-8,-7)","[8,9)",0.01055867698505247535
"[-8,-7)","[9,10)",0.00662141179791861823
"[-8,-7)","[10,11)",0.01006832074793239842
"[-8,-7)","[11,16)",0.00567216718290049113
"[-8,-7)","[16,21)",0.00410527470346441312
"[-8,-7)","[21,26)",0.00380288499700531827
"[-8,-7)","[26,31)",0.00365536212084848709
"[-8,-7)","[31,46)",0.00390620963325031777
"[-8,-7)","[46,61)",0.00369995326374824739
"[-8,-7)","[61,76)",0.00447099947160915336
"[-8,-7)","[76,91)",0.00523525068796563528
"[-8,-7)","[91,)",0.00342109177450542912
"[-7,-6)","[0,1)",0.000019891828238041530159
"[-7,-6)","[2,3)",0.000008995326927661080069
"[-7,-6)","[3,4)",0.000011119976203250925043
"[-7,-6)","[4,5)",0.000020597492049368068944
"[-7,-6)","[5,6)",0.000005257706483277864530
"[-7,-6)","[6,7)",0.000039553519867733029562
"[-7,-6)","[7,8)",0.01370210338379623271
"[-7,-6)","[8,9)",0.00628644121700413442
"[-7,-6)","[9,10)",0.00997061427709838443
"[-7,-6)","[10,11)",0.00880978065444084862
"[-7,-6)","[11,16)",0.00715938174914879063
"[-7,-6)","[16,21)",0.00539013167172426761
"[-7,-6)","[21,26)",0.00503683819337706290
"[-7,-6)","[26,31)",0.00470766333745638488
"[-7,-6)","[31,46)",0.00511010757577323316
"[-7,-6)","[46,61)",0.00539414238978033962
"[-7,-6)","[61,76)",0.00526358574157623054
"[-7,-6)","[76,91)",0.00533592858581112826
"[-7,-6)","[91,)",0.00546630968317715306
"[-6,-5)","[0,1)",0.000020554889179309581164
"[-6,-5)","[2,3)",0.000014992211546101800115
"[-6,-5)","[3,4)",0.000016679964304876387565
"[-6,-5)","[4,5)",0.000024716990459241682733
"[-6,-5)","[5,6)",0.000026288532416389322650
"[-6,-5)","[6,7)",0.01440539193582836937
"[-6,-5)","[7,8)",0.00873680763176521546
"[-6,-5)","[8,9)",0.01170359376656418955
"[-6,-5)","[9,10)",0.00938033338038470916
"[-6,-5)","[10,11)",0.00890659143086327552
"[-6,-5)","[11,16)",0.00824693141904095797
"[-6,-5)","[16,21)",0.00731219412830811497
"[-6,-5)","[21,26)",0.00694910484272508822
"[-6,-5)","[26,31)",0.00629534587479461665
"[-6,-5)","[31,46)",0.00703737767260176296
"[-6,-5)","[46,61)",0.00673780962766786104
"[-6,-5)","[61,76)",0.00790553997479982116
"[-6,-5)","[76,91)",0.00708101214846634002
"[-6,-5)","[91,)",0.00490852298081213744
"[-5,-4)","[0,1)",0.000034479168945938652276
"[-5,-4)","[2,3)",0.000041978192329085040322
"[-5,-4)","[3,4)",0.000036139922660565506390
"[-5,-4)","[4,5)",0.000061792476148104206832
"[-5,-4)","[5,6)",0.01523157568205597354
"[-5,-4)","[6,7)",0.01126484245833036682
"[-5,-4)","[7,8)",0.01617418680076486683
"[-5,-4)","[8,9)",0.01385561327255380049
"[-5,-4)","[9,10)",0.01225474470351217134
"[-5,-4)","[10,11)",0.01349818825546980887
"[-5,-4)","[11,16)",0.01139813540954123081
"[-5,-4)","[16,21)",0.00979834013193287406
"[-5,-4)","[21,26)",0.01052107462169592795
"[-5,-4)","[26,31)",0.00993224657079033360
"[-5,-4)","[31,46)",0.00996703489753950129
"[-5,-4)","[46,61)",0.00888962455211092070
"[-5,-4)","[61,76)",0.01036458968418485551
"[-5,-4)","[76,91)",0.00852406201758507282
"[-5,-4)","[91,)",0.00700951955972036293
"[-4,-3)","[0,1)",0.000064979972244268998519
"[-4,-3)","[1,2)",0.000056879123736470894140
"[-4,-3)","[2,3)",0.000059968846184407200459
"[-4,-3)","[3,4)",0.000063939863168692818997
"[-4,-3)","[4,5)",0.02213406495625092689
"[-4,-3)","[5,6)",0.01522631797557269568
"[-4,-3)","[6,7)",0.02237938154116334813
"[-4,-3)","[7,8)",0.02490042997348320779
"[-4,-3)","[8,9)",0.01758719389377716527
"[-4,-3)","[9,10)",0.02126294447509912869
"[-4,-3)","[10,11)",0.01995685005393743258
"[-4,-3)","[11,16)",0.01585209324489466524
"[-4,-3)","[16,21)",0.01492209901755448890
"[-4,-3)","[21,26)",0.01469198074744369638
"[-4,-3)","[26,31)",0.01471375560765779903
"[-4,-3)","[31,46)",0.01372857009992869617
"[-4,-3)","[46,61)",0.01271615516435581866
"[-4,-3)","[61,76)",0.01394138926147217819
"[-4,-3)","[76,91)",0.01201422914289549634
"[-4,-3)","[91,)",0.01024468243343745352
"[-3,-2)","[0,1)",0.00013194912731234215
"[-3,-2)","[1,2)",0.000032502356420840510937
"[-3,-2)","[2,3)",0.00017690809624400124
"[-3,-2)","[3,4)",0.06759833533956237334
"[-3,-2)","[4,5)",0.03384991843393148450
"[-3,-2)","[5,6)",0.05646250992392098719
"[-3,-2)","[6,7)",0.04218778429092404933
"[-3,-2)","[7,8)",0.03305619235767032549
"[-3,-2)","[8,9)",0.03320258666383971165
"[-3,-2)","[9,10)",0.03490356606654775501
"[-3,-2)","[10,11)",0.02793682405332890770
"[-3,-2)","[11,16)",0.02600511878501871508
"[-3,-2)","[16,21)",0.02254767289421866594
"[-3,-2)","[21,26)",0.02106379754508258827
"[-3,-2)","[26,31)",0.02272601399376003840
"[-3,-2)","[31,46)",0.02250204094286393370
"[-3,-2)","[46,61)",0.02032053279326997975
"[-3,-2)","[61,76)",0.02011949762224119010
"[-3,-2)","[76,91)",0.02000134237197127324
"[-3,-2)","[91,)",0.01446526848133273836
"[-2,-1)","[0,1)",0.00035274842075460313
"[-2,-1)","[1,2)",0.00010563265836773166
"[-2,-1)","[2,3)",0.11340408657702323643
"[-2,-1)","[3,4)",0.09642131365838877105
"[-2,-1)","[4,5)",0.10752714749452106711
"[-2,-1)","[5,6)",0.08719906202516338323
"[-2,-1)","[6,7)",0.05652197989099049924
"[-2,-1)","[7,8)",0.05229407228202879872
"[-2,-1)","[8,9)",0.05179688328209477367
"[-2,-1)","[9,10)",0.05125178046683519614
"[-2,-1)","[10,11)",0.04628938124083755152
"[-2,-1)","[11,16)",0.04028161003466324390
"[-2,-1)","[16,21)",0.03326526028799598874
"[-2,-1)","[21,26)",0.03296314737442180994
"[-2,-1)","[26,31)",0.03221518636808388871
"[-2,-1)","[31,46)",0.03115667207473467743
"[-2,-1)","[46,61)",0.02980409721140364543
"[-2,-1)","[61,76)",0.03174409624842498882
"[-2,-1)","[76,91)",0.02842472649171085308
"[-2,-1)","[91,)",0.02063810798750557787
"[-1,0)","[0,1)",0.00088783860035792030
"[-1,0)","[1,2)",0.07646179348002730198
"[-1,0)","[2,3)",0.11345805853858920291
"[-1,0)","[3,4)",0.10379941786924575981
"[-1,0)","[4,5)",0.10850346861766111358
"[-1,0)","[5,6)",0.08427577722046089055
"[-1,0)","[6,7)",0.07080871126721566952
"[-1,0)","[7,8)",0.06803511626187181085
"[-1,0)","[8,9)",0.06441217004134421711
"[-1,0)","[9,10)",0.06209498389559727444
"[-1,0)","[10,11)",0.05924819517052526761
"[-1,0)","[11,16)",0.05464648871330960963
"[-1,0)","[16,21)",0.04551318545291208131
"[-1,0)","[21,26)",0.04371513721415221643
"[-1,0)","[26,31)",0.04372588476378606901
"[-1,0)","[31,46)",0.04466306358441236346
"[-1,0)","[46,61)",0.04012501947343823025
"[-1,0)","[61,76)",0.04168190871031987969
"[-1,0)","[76,91)",0.03084099604000268474
"[-1,0)","[91,)",0.02818682135951212256
"[0,1)","[0,1)",0.40995532958438677140
"[0,1)","[1,2)",0.36019923944485975233
"[0,1)","[2,3)",0.26561101507766715191
"[0,1)","[3,4)",0.20802695482231668024
"[0,1)","[4,5)",0.17149059930462866841
"[0,1)","[5,6)",0.17449276276702576802
"[0,1)","[6,7)",0.17284097111801979258
"[0,1)","[7,8)",0.13020695775272827155
"[0,1)","[8,9)",0.16537686844058093926
"[0,1)","[9,10)",0.13147865364626775655
"[0,1)","[10,11)",0.14282355544491466822
"[0,1)","[11,16)",0.12289311269781490904
"[0,1)","[16,21)",0.12185771514825473595
"[0,1)","[21,26)",0.12180056141262384633
"[0,1)","[26,31)",0.11462698691084977939
"[0,1)","[31,46)",0.10598952143765048724
"[0,1)","[46,61)",0.11020018694500701044
"[0,1)","[61,76)",0.11642889078567654351
"[0,1)","[76,91)",0.12262567957581045708
"[0,1)","[91,)",0.22807898259705488621
"[1,2)","[0,1)",0.19276109847980017995
"[1,2)","[1,2)",0.14864952709071407677
"[1,2)","[2,3)",0.11928103350309514207
"[1,2)","[3,4)",0.09195108322468189918
"[1,2)","[4,5)",0.08874223474549738824
"[1,2)","[5,6)",0.08635257128135564704
"[1,2)","[6,7)",0.08295955257058325620
"[1,2)","[7,8)",0.08321624391223047424
"[1,2)","[8,9)",0.08343050991201102512
"[1,2)","[9,10)",0.07659536244530277560
"[1,2)","[10,11)",0.07271872320416009736
"[1,2)","[11,16)",0.06694387013965213782
"[1,2)","[16,21)",0.06081656316429977907
"[1,2)","[21,26)",0.06189971063436740054
"[1,2)","[26,31)",0.05754426126608451640
"[1,2)","[31,46)",0.05871715115377858612
"[1,2)","[46,61)",0.05555771927091447266
"[1,2)","[61,76)",0.05403812543185790351
"[1,2)","[76,91)",0.04983555943351902812
"[1,2)","[91,)",0.05615052803807823888
"[2,3)","[0,1)",0.09905334789415160358
"[2,3)","[1,2)",0.09406181948191243865
"[2,3)","[2,3)",0.07253531790234972932
"[2,3)","[3,4)",0.07194068604693185957
"[2,3)","[4,5)",0.07120553001466541434
"[2,3)","[5,6)",0.06821348391404701441
"[2,3)","[6,7)",0.07220890587053341877
"[2,3)","[7,8)",0.07159533896066851897
"[2,3)","[8,9)",0.06990353016007632779
"[2,3)","[9,10)",0.06621411797918618229
"[2,3)","[10,11)",0.06099078914612895195
"[2,3)","[11,16)",0.06552198541223128300
"[2,3)","[16,21)",0.05946380725056277780
"[2,3)","[21,26)",0.06171930812027796419
"[2,3)","[26,31)",0.05875348459394096036
"[2,3)","[31,46)",0.05898066529570420279
"[2,3)","[46,61)",0.05580113724879264683
"[2,3)","[61,76)",0.05574523432101776206
"[2,3)","[76,91)",0.04852674676152761930
"[2,3)","[91,)",0.04281942585155436561
"[3,4)","[0,1)",0.06507478995887032981
"[3,4)","[1,2)",0.06459030779731530536
"[3,4)","[2,3)",0.05570356199954123833
"[3,4)","[3,4)",0.05549146124827292870
"[3,4)","[4,5)",0.06024766424440160166
"[3,4)","[5,6)",0.05859188104964852232
"[3,4)","[6,7)",0.05920370853802279865
"[3,4)","[7,8)",0.06377763926598138542
"[3,4)","[8,9)",0.06093501537156789993
"[3,4)","[9,10)",0.06417379922750195691
"[3,4)","[10,11)",0.05782369374602384311
"[3,4)","[11,16)",0.05936945176736428687
"[3,4)","[16,21)",0.05995999185212654274
"[3,4)","[21,26)",0.06113480397462819042
"[3,4)","[26,31)",0.05926117377739213913
"[3,4)","[31,46)",0.05727557378912668313
"[3,4)","[46,61)",0.05587903100171366256
"[3,4)","[61,76)",0.05062390765353818640
"[3,4)","[76,91)",0.04272098798577085710
"[3,4)","[91,)",0.03757623084932321880
"[4,5)","[0,1)",0.04001042331799673376
"[4,5)","[1,2)",0.04686027236974680664
"[4,5)","[2,3)",0.04196769778100276906
"[4,5)","[3,4)",0.04602836149930639148
"[4,5)","[4,5)",0.04962347784533755170
"[4,5)","[5,6)",0.04753492431531517322
"[4,5)","[6,7)",0.05312828788633900531
"[4,5)","[7,8)",0.05499857379802867194
"[4,5)","[8,9)",0.05126682921658009117
"[4,5)","[9,10)",0.05252216761411027987
"[4,5)","[10,11)",0.05244378059912040495
"[4,5)","[11,16)",0.05361658301885342290
"[4,5)","[16,21)",0.05519661967711439928
"[4,5)","[21,26)",0.05669690212802805620
"[4,5)","[26,31)",0.05409197481861650082
"[4,5)","[31,46)",0.05160743626574626172
"[4,5)","[46,61)",0.05039725813989718025
"[4,5)","[61,76)",0.04818518066902410275
"[4,5)","[76,91)",0.04268742868648902611
"[4,5)","[91,)",0.03393202439387178343
"[5,6)","[0,1)",0.03083299682990563980
"[5,6)","[1,2)",0.03613449475086943803
"[5,6)","[2,3)",0.03275048612245938235
"[5,6)","[3,4)",0.03828885806184374765
"[5,6)","[4,5)",0.04047407187700825547
"[5,6)","[5,6)",0.04220360994127141858
"[5,6)","[6,7)",0.04511474476113629352
"[5,6)","[7,8)",0.04699071384049779731
"[5,6)","[8,9)",0.04784267995335524223
"[5,6)","[9,10)",0.04796673895468952508
"[5,6)","[10,11)",0.04815644621469864188
"[5,6)","[11,16)",0.05033087641900252865
"[5,6)","[16,21)",0.05406322958722664146
"[5,6)","[21,26)",0.05196314015832124636
"[5,6)","[26,31)",0.05089814831908726716
"[5,6)","[31,46)",0.04961816284140582211
"[5,6)","[46,61)",0.04831360024926000935
"[5,6)","[61,76)",0.04515709466325244889
"[5,6)","[76,91)",0.03785488958990536278
"[5,6)","[91,)",0.03067826863007585899
"[6,7)","[0,1)",0.02215485523058938824
"[6,7)","[1,2)",0.02600188513667240875
"[6,7)","[2,3)",0.02622287721528665858
"[6,7)","[3,4)",0.03008231562384456497
"[6,7)","[4,5)",0.03288183630761118526
"[6,7)","[5,6)",0.03464302801831784939
"[6,7)","[6,7)",0.03916589537302924587
"[6,7)","[7,8)",0.04315581520648235207
"[6,7)","[8,9)",0.03801547757871302873
"[6,7)","[9,10)",0.04214092314799368656
"[6,7)","[10,11)",0.04200204685641578845
"[6,7)","[11,16)",0.04390165169204282563
"[6,7)","[16,21)",0.04535127258292811591
"[6,7)","[21,26)",0.04541813694715649557
"[6,7)","[26,31)",0.04274742924658925176
"[6,7)","[31,46)",0.04355217063315731278
"[6,7)","[46,61)",0.04372760554603520798
"[6,7)","[61,76)",0.04204771775799699224
"[6,7)","[76,91)",0.03896234646620578562
"[6,7)","[91,)",0.02861445783132530120
"[7,8)","[0,1)",0.01726544384967878013
"[7,8)","[1,2)",0.01960704651087203822
"[7,8)","[2,3)",0.02105206345303614772
"[7,8)","[3,4)",0.02605688423826773011
"[7,8)","[4,5)",0.02768302931435068466
"[7,8)","[5,6)",0.03035799723444638980
"[7,8)","[6,7)",0.03422961609353616378
"[7,8)","[7,8)",0.03493666606801398734
"[7,8)","[8,9)",0.03494116399872787024
"[7,8)","[9,10)",0.03540402160941369708
"[7,8)","[10,11)",0.03572317649987552900
"[7,8)","[11,16)",0.03760308664273801197
"[7,8)","[16,21)",0.04084905019821269084
"[7,8)","[21,26)",0.04090085799435700936
"[7,8)","[26,31)",0.03852899366773127550
"[7,8)","[31,46)",0.03903626161270654858
"[7,8)","[46,61)",0.03983291789998442125
"[7,8)","[61,76)",0.03491444132829329757
"[7,8)","[76,91)",0.03580777233371367206
"[7,8)","[91,)",0.02675516882344191581
"[8,9)","[0,1)",0.01405888113770648547
"[8,9)","[1,2)",0.01569051256216075665
"[8,9)","[2,3)",0.01785122628794341340
"[8,9)","[3,4)",0.02064423582133534234
"[8,9)","[4,5)",0.02233180087992486035
"[8,9)","[5,6)",0.02502668286040263516
"[8,9)","[6,7)",0.02648503690343403659
"[8,9)","[7,8)",0.03149265241873289878
"[8,9)","[8,9)",0.02988444821371779922
"[8,9)","[9,10)",0.03233712738518394949
"[8,9)","[10,11)",0.03064752579315686112
"[8,9)","[11,16)",0.03428663658932126140
"[8,9)","[16,21)",0.03551637148035370128
"[8,9)","[21,26)",0.03520013854913082069
"[8,9)","[26,31)",0.03286133623793084350
"[8,9)","[31,46)",0.03473736423854746871
"[8,9)","[46,61)",0.03316326530612244898
"[8,9)","[61,76)",0.03292281429094012925
"[8,9)","[76,91)",0.03043828444862071280
"[8,9)","[91,)",0.02324111259854231742
"[9,10)","[0,1)",0.01140597431169301339
"[9,10)","[1,2)",0.01302531933565183476
"[9,10)","[2,3)",0.01388428711284487709
"[9,10)","[3,4)",0.01668552429297801303
"[9,10)","[4,5)",0.01919686259001104026
"[9,10)","[5,6)",0.02054711693664989458
"[9,10)","[6,7)",0.02392196881600493628
"[9,10)","[7,8)",0.02750985135806121048
"[9,10)","[8,9)",0.02327997455740485530
"[9,10)","[9,10)",0.02837197962247686997
"[9,10)","[10,11)",0.02764639172406162697
"[9,10)","[11,16)",0.03023234365032395914
"[9,10)","[16,21)",0.03112905500336883229
"[9,10)","[21,26)",0.03038699947322465886
"[9,10)","[26,31)",0.02919674340465597135
"[9,10)","[31,46)",0.03060897601504614081
"[9,10)","[46,61)",0.03218959339460975230
"[9,10)","[61,76)",0.02631792870788115270
"[9,10)","[76,91)",0.03003557285723874086
"[9,10)","[91,)",0.01766324557489216124
"[10,11)","[0,1)",0.01092857043398001667
"[10,11)","[1,2)",0.01014073520330223941
"[10,11)","[2,3)",0.01178087983292679453
"[10,11)","[3,4)",0.01398615006963885097
"[10,11)","[4,5)",0.01646563514426483431
"[10,11)","[5,6)",0.01828104544235713497
"[10,11)","[6,7)",0.01902524305637958722
"[10,11)","[7,8)",0.02272415140982705981
"[10,11)","[8,9)",0.02180642425527403795
"[10,11)","[9,10)",0.02363690025536064880
"[10,11)","[10,11)",0.02644317207424003541
"[10,11)","[11,16)",0.02697353757234318917
"[10,11)","[16,21)",0.02765576279242247768
"[10,11)","[21,26)",0.02669235598467300240
"[10,11)","[26,31)",0.02760906086731773958
"[10,11)","[31,46)",0.02857320009507176885
"[10,11)","[46,61)",0.02799306745599002960
"[10,11)","[61,76)",0.02680567410478396943
"[10,11)","[76,91)",0.02513591516209141553
"[10,11)","[91,)",0.02169790272199910754
"[11,16)","[0,1)",0.03073287462777416410
"[11,16)","[1,2)",0.03274612409399681477
"[11,16)","[2,3)",0.03754199693259351767
"[11,16)","[3,4)",0.04607840139222102065
"[11,16)","[4,5)",0.05291083757641669550
"[11,16)","[5,6)",0.05688838414906649421
"[11,16)","[6,7)",0.06520002214997112593
"[11,16)","[7,8)",0.07347581267101218082
"[11,16)","[8,9)",0.06804834093077493904
"[11,16)","[9,10)",0.07363112576832758023
"[11,16)","[10,11)",0.07685392636848947529
"[11,16)","[11,16)",0.08486730356854637266
"[11,16)","[16,21)",0.09255148568115699803
"[11,16)","[21,26)",0.08921986736807164145
"[11,16)","[26,31)",0.09446711097162479000
"[11,16)","[31,46)",0.09876096683855366905
"[11,16)","[46,61)",0.09587747312665524225
"[11,16)","[61,76)",0.09011096207779539081
"[11,16)","[76,91)",0.09550976575609101282
"[11,16)","[91,)",0.07883385393425554068
"[16,21)","[0,1)",0.01579013325535736664
"[16,21)","[1,2)",0.01500796307732310593
"[16,21)","[2,3)",0.01795467254761151582
"[16,21)","[3,4)",0.02295163088350990929
"[16,21)","[4,5)",0.02608466393131972251
"[16,21)","[5,6)",0.02811821427257001951
"[16,21)","[6,7)",0.03106533450411752142
"[16,21)","[7,8)",0.03611988548126393188
"[16,21)","[8,9)",0.03436870560797201315
"[16,21)","[9,10)",0.03915102208420485314
"[16,21)","[10,11)",0.04006583132796725030
"[16,21)","[11,16)",0.04585386099347470198
"[16,21)","[16,21)",0.04841717112101158983
"[16,21)","[21,26)",0.04592326398660691735
"[16,21)","[26,31)",0.05108276256761496852
"[16,21)","[31,46)",0.05505378788661658176
"[16,21)","[46,61)",0.05235433868203770058
"[16,21)","[61,76)",0.05672072511482339552
"[16,21)","[76,91)",0.06285656755486945433
"[16,21)","[91,)",0.05046110367395507958
"[21,26)","[0,1)",0.00930208194504948755
"[21,26)","[1,2)",0.00924692040172912536
"[21,26)","[2,3)",0.01012573967823715580
"[21,26)","[3,4)",0.01215413399015326107
"[21,26)","[4,5)",0.01371792970487913392
"[21,26)","[5,6)",0.01520528714963958422
"[21,26)","[6,7)",0.01712667410272840180
"[21,26)","[7,8)",0.01947029802338971233
"[21,26)","[8,9)",0.01883812148839181597
"[21,26)","[9,10)",0.02022353680914678746
"[21,26)","[10,11)",0.02151965258761375266
"[21,26)","[11,16)",0.02268098286821050043
"[21,26)","[16,21)",0.02608364105483623297
"[21,26)","[21,26)",0.02811392779569776084
"[21,26)","[26,31)",0.03393209887939151144
"[21,26)","[31,46)",0.03025245688185265943
"[21,26)","[46,61)",0.03092381990964324661
"[21,26)","[61,76)",0.03511766857700280454
"[21,26)","[76,91)",0.03963353245184240553
"[21,26)","[91,)",0.03272348653874758292
"[26,31)","[0,1)",0.00611474800037396637
"[26,31)","[1,2)",0.00633795950206389963
"[26,31)","[2,3)",0.00652461046486350341
"[26,31)","[3,4)",0.00772560346720858017
"[26,31)","[4,5)",0.00856855669253711668
"[26,31)","[5,6)",0.00843336119917769471
"[26,31)","[6,7)",0.01062407543647309174
"[26,31)","[7,8)",0.01042712107926513623
"[26,31)","[8,9)",0.01016643697657161030
"[26,31)","[9,10)",0.01162596722657803898
"[26,31)","[10,11)",0.01215666749647332172
"[26,31)","[11,16)",0.01391525567024571705
"[26,31)","[16,21)",0.01574210935908618465
"[26,31)","[21,26)",0.01704442953116994638
"[26,31)","[26,31)",0.01931065039599756309
"[26,31)","[31,46)",0.01958271760584484701
"[26,31)","[46,61)",0.02143051877239445396
"[26,31)","[61,76)",0.02300532455391618908
"[26,31)","[76,91)",0.02698167662259212028
"[26,31)","[91,)",0.02630893946154990332
"[31,46)","[0,1)",0.00910913121114048471
"[31,46)","[1,2)",0.00738616049663600611
"[31,46)","[2,3)",0.00912276072580294537
"[31,46)","[3,4)",0.01059177733359650610
"[31,46)","[4,5)",0.01212780331866791899
"[31,46)","[5,6)",0.01156695426321130197
"[31,46)","[6,7)",0.01397030321728330604
"[31,46)","[7,8)",0.01583612411126488268
"[31,46)","[8,9)",0.01514894519240962578
"[31,46)","[9,10)",0.01534730331455555698
"[31,46)","[10,11)",0.01796531408181893619
"[31,46)","[11,16)",0.01980262702810720242
"[31,46)","[16,21)",0.02234397605778722560
"[31,46)","[21,26)",0.02392137336825926006
"[31,46)","[26,31)",0.02734137020695257260
"[31,46)","[31,46)",0.02619123892982256714
"[31,46)","[46,61)",0.03339694656488549618
"[31,46)","[61,76)",0.03747510466203308540
"[31,46)","[76,91)",0.04211692059869789919
"[31,46)","[91,)",0.04168525955674550052
"[46,61)","[0,1)",0.00340945936000031827
"[46,61)","[1,2)",0.00377027334481749927
"[46,61)","[2,3)",0.00370607469419636499
"[46,61)","[3,4)",0.00399207145696708209
"[46,61)","[4,5)",0.00432959282877716809
"[46,61)","[5,6)",0.00450059674968585204
"[46,61)","[6,7)",0.00507076124704337439
"[46,61)","[7,8)",0.00570480788531223259
"[46,61)","[8,9)",0.00586239796459238842
"[46,61)","[9,10)",0.00595413774076402880
"[46,61)","[10,11)",0.00623738002378779078
"[46,61)","[11,16)",0.00684041841840303130
"[46,61)","[16,21)",0.00781360172567781428
"[46,61)","[21,26)",0.00860880797234790264
"[46,61)","[26,31)",0.00847379400742149279
"[46,61)","[31,46)",0.01051473095722803790
"[46,61)","[46,61)",0.01423508334631562549
"[46,61)","[61,76)",0.01524204365321302280
"[46,61)","[76,91)",0.02422981408148197866
"[46,61)","[91,)",0.01829540383757251227
"[61,76)","[0,1)",0.00150050691008959942
"[61,76)","[1,2)",0.00157636428641076478
"[61,76)","[2,3)",0.00156218844310380757
"[61,76)","[3,4)",0.00179865615087583713
"[61,76)","[4,5)",0.00190320826536160957
"[61,76)","[5,6)",0.00180865103024758540
"[61,76)","[6,7)",0.00192230106557182524
"[61,76)","[7,8)",0.00192273154653115987
"[61,76)","[8,9)",0.00206721085550726174
"[61,76)","[9,10)",0.00232262700663424399
"[61,76)","[10,11)",0.00247558985423063093
"[61,76)","[11,16)",0.00335103643867833893
"[61,76)","[16,21)",0.00339494727385733909
"[61,76)","[21,26)",0.00365134688517019173
"[61,76)","[26,31)",0.00370151568298041243
"[61,76)","[31,46)",0.00469675205902716779
"[61,76)","[46,61)",0.00563756036765851379
"[61,76)","[61,76)",0.00662520830792992724
"[61,76)","[76,91)",0.00651050406067521310
"[61,76)","[91,)",0.00968689573107243790
"[76,91)","[0,1)",0.00071477969468695898
"[76,91)","[1,2)",0.00072317743036370137
"[76,91)","[2,3)",0.00078859032732495469
"[76,91)","[3,4)",0.00082287823904056845
"[76,91)","[4,5)",0.00102987460246840345
"[76,91)","[5,6)",0.00111463377445490728
"[76,91)","[6,7)",0.00106794503642879180
"[76,91)","[7,8)",0.00097193023231245444
"[76,91)","[8,9)",0.00096469839923672215
"[76,91)","[9,10)",0.00123189056705462665
"[76,91)","[10,11)",0.00099576798605924820
"[76,91)","[11,16)",0.00129891091315742954
"[76,91)","[16,21)",0.00134753291793106690
"[76,91)","[21,26)",0.00185453784483940568
"[76,91)","[26,31)",0.00223383240718518655
"[76,91)","[31,46)",0.00216494951895751739
"[76,91)","[46,61)",0.00353442903879108895
"[76,91)","[61,76)",0.00371905865138397756
"[76,91)","[76,91)",0.00540304718437479025
"[76,91)","[91,)",0.00630298973672467648
"[91,)","[0,1)",0.00129694720112030777
"[91,)","[1,2)",0.00141385250430656223
"[91,)","[2,3)",0.00130882006797468715
"[91,)","[3,4)",0.00136775707299986378
"[91,)","[4,5)",0.00152833391006311072
"[91,)","[5,6)",0.00171401231354858384
"[91,)","[6,7)",0.00196185458543955827
"[91,)","[7,8)",0.00218684302270302249
"[91,)","[8,9)",0.00188699247323226969
"[91,)","[9,10)",0.00165535294947965456
"[91,)","[10,11)",0.00224047796863330844
"[91,)","[11,16)",0.00239798937813679300
"[91,)","[16,21)",0.00239735507492387484
"[91,)","[21,26)",0.00238131318598055983
"[91,)","[26,31)",0.00319382649952923367
"[91,)","[31,46)",0.00361686077152807201
"[91,)","[46,61)",0.00599781897491821156
"[91,)","[61,76)",0.00642198105922042027
"[91,)","[76,91)",0.00755084233841197396
"[91,)","[91,)",0.01202959988100550350
"cancelled","[0,1)",0.00683284299976726561
"cancelled","[1,2)",0.00984008840640946469
"cancelled","[2,3)",0.00542867980084346182
"cancelled","[3,4)",0.00524306877983281116
"cancelled","[4,5)",0.00519468749485062699
"cancelled","[5,6)",0.00571512694732303874
"cancelled","[6,7)",0.00586183164439803498
"cancelled","[7,8)",0.00607456395195284025
"cancelled","[8,9)",0.00630764337962472172
"cancelled","[9,10)",0.00700637760012318906
"cancelled","[10,11)",0.00659696290764251929
"cancelled","[11,16)",0.00669822994566094582
"cancelled","[16,21)",0.00816354244467541693
"cancelled","[21,26)",0.00936649853152353531
"cancelled","[26,31)",0.01104916277438292687
"cancelled","[31,46)",0.01027705153509905032
"cancelled","[46,61)",0.01260905125408942203
"cancelled","[61,76)",0.01304718936715034752
"cancelled","[76,91)",0.01570575206389690583
"cancelled","[91,)",0.01790495314591700134
